Workbook

Sheet Market Analysis (2)
A1: TAM/SAM/SOM Market Analysis
A2: Analysis Date: July 03, 2025
A4: MARKET DEFINITION
A5: Market Category:
A6: Product/Service:
A7: Target Geography:
A8: Time Period:
A10: TOTAL ADDRESSABLE MARKET (TAM)
A11: Metric | B11: Value | C11: Unit | D11: Source | E11: Notes | F11: Confidence
A12: Total Market Size | C12: $B | E12: Global market size | F12: High
A13: Market Growth Rate | C13: % | E13: Annual growth rate | F13: Medium
A14: Number of Potential Users | C14: Million | E14: Total addressable users | F14: Medium
A15: Average Revenue per User | C15: $ | E15: ARPU calculation | F15: Medium
A16: Market Penetration Rate | C16: % | E16: Current penetration | F16: Low
A18: TAM Calculation: | B18: =B12*B14 -> 0 | C18: $B
A20: SERVICEABLE ADDRESSABLE MARKET (SAM)
A21: Metric | B21: Value | C21: Unit | D21: Source | E21: Notes | F21: Confidence
A22: Geographic Constraints | C22: % | E22: Geographic limitations | F22: High
A23: Regulatory Constraints | C23: % | E23: Regulatory barriers | F23: Medium
A24: Technology Constraints | C24: % | E24: Technology limitations | F24: Medium
A25: Customer Segment Focus | C25: % | E25: Target customer segments | F25: High
A26: Distribution Channel Access | C26: % | E26: Channel availability | F26: Medium
A28: SAM Calculation: | B28: =B18*B22*B23*B24*B25*B26/100^5 -> 0 | C28: $B
A30: SERVICEABLE OBTAINABLE MARKET (SOM)
A31: Metric | B31: Value | C31: Unit | D31: Source | E31: Notes | F31: Confidence
A32: Market Share Goal (Year 1) | C32: % | E32: Realistic market share | F32: High
A33: Market Share Goal (Year 3) | C33: % | E33: 3-year target | F33: Medium
A34: Market Share Goal (Year 5) | C34: % | E34: 5-year target | F34: Low
A35: Competitive Advantage | C35: Score 1-10 | E35: Competitive strength | F35: Medium
A36: Resource Constraints | C36: % | E36: Resource limitations | F36: High
A38: SOM Year 1: | B38: =B28*B32/100 -> 0 | C38: $B
A39: SOM Year 3: | B39: =B28*B33/100 -> 0 | C39: $B
A40: SOM Year 5: | B40: =B28*B34/100 -> 0 | C40: $B
A42: MARKET VALIDATION & ASSESSMENT
A44: Customer Validation
A45: Validation Metric | B45: Score (1-10) | C45: Weight | D45: Weighted Score | E45: Evidence/Source | F45: Action Required
A46: Customer Problem Validation | C46: 20% | D46: =B46*C46/100 -> 0 | E46: Customer interviews
A47: Solution-Market Fit | C47: 25% | D47: =B47*C47/100 -> 0 | E47: Product testing
A48: Willingness to Pay | C48: 20% | D48: =B48*C48/100 -> 0 | E48: Pricing surveys
A49: Customer Acquisition Cost | C49: 15% | D49: =B49*C49/100 -> 0 | E49: Marketing tests
A50: Customer Lifetime Value | C50: 20% | D50: =B50*C50/100 -> 0 | E50: Retention analysis
A52: Total Validation Score: | D52: =SUM(D47:D51) -> 0
A54: Competitive Analysis
A55: Competitor | B55: Market Share | C55: Revenue | D55: Strengths | E55: Weaknesses | F55: Threat Level | G55: Response Strategy
A56: Competitor 1 | F56: High/Med/Low
A57: Competitor 2 | F57: High/Med/Low
A58: Competitor 3 | F58: High/Med/Low
A59: Indirect Competitors | F59: High/Med/Low
A60: New Entrants Risk | F60: High/Med/Low
A63: Risk Assessment
A64: Risk Factor | B64: Probability | C64: Impact | D64: Risk Score | E64: Mitigation Strategy | F64: Owner | G64: Status
A65: Market Size Overestimation | B65: 1-5 | C65: 1-5 | D65: =B65*C65 -> 2095625284 | E65: Conservative estimates
A66: Competitive Response | B66: 1-5 | C66: 1-5 | D66: =B66*C66 -> 2095625284 | E66: Differentiation strategy
A67: Technology Risk | B67: 1-5 | C67: 1-5 | D67: =B67*C67 -> 2095625284 | E67: Technical validation
A68: Regulatory Changes | B68: 1-5 | C68: 1-5 | D68: =B68*C68 -> 2095625284 | E68: Compliance monitoring
A69: Economic Downturn | B69: 1-5 | C69: 1-5 | D69: =B69*C69 -> 2095625284 | E69: Flexible business model
A72: MARKET SIZE SUMMARY
A74: Market Level | B74: Value | C74: % of TAM | D74: Confidence | E74: Key Assumptions | F74: Time to Achieve
A75: TAM | B75: =B18 -> 0 | C75: 1 | D75: Medium | E75: Global market size | F75: N/A
A76: SAM | B76: =B28 -> 0 | C76: =B76/B75*100 -> #DIV/0! | D76: Medium | E76: Addressable constraints | F76: 2-3 years
A77: SOM Year 1 | B77: =B38 -> 0 | C77: =B77/B75*100 -> #DIV/0! | D77: High | E77: Market share goals | F77: 1 year
A78: SOM Year 3 | B78: =B39 -> 0 | C78: =B78/B75*100 -> #DIV/0! | D78: Medium | E78: Growth trajectory | F78: 3 years
A79: SOM Year 5 | B79: =B40 -> 0 | C79: =B79/B75*100 -> #DIV/0! | D79: Low | E79: Long-term vision | F79: 5 years
A82: STRATEGIC RECOMMENDATIONS
A84: Recommendation | B84: Priority | C84: Timeline | D84: Resources Needed | E84: Expected Impact | F84: Success Metrics | G84: Owner
A85: Market Entry Strategy | B85: High | C85: Q1-Q2 | E85: High
A86: Product Development Focus | B86: High | C86: Q1-Q4 | E86: High
A87: Customer Acquisition Plan | B87: Medium | C87: Q2-Q3 | E87: Medium
A88: Partnership Strategy | B88: Medium | C88: Q2-Q4 | E88: Medium
A89: Competitive Positioning | B89: High | C89: Q1 | E89: High
A90: Risk Mitigation Plan | B90: Medium | C90: Ongoing | E90: Medium
A93: IMMEDIATE ACTION ITEMS
A95: Action Item | B95: Due Date | C95: Owner | D95: Status | E95: Dependencies | F95: Notes
A96: Validate TAM assumptions | D96: Not Started
A97: Conduct customer interviews | D97: Not Started
A98: Analyze competitor pricing | D98: Not Started
A99: Develop MVP requirements | D99: Not Started
A100: Create go-to-market plan | D100: Not Started
A101: Secure initial funding | D101: Not Started
A102: Build core team | D102: Not Started
A103: Establish partnerships | D103: Not Started

Sheet Dashboard
A1: TAM/SAM/SOM Analysis Dashboard
A3: Key Market Metrics
A4: Metric | B4: Value | C4: Unit | D4: Confidence | E4: Notes
A5: TAM | B5: ='Market Analysis'!B18 -> 0 | C5: $B | D5: Medium | E5: Total Addressable Market
A6: SAM | B6: ='Market Analysis'!B28 -> 0 | C6: $B | D6: Medium | E6: Serviceable Addressable Market
A7: SOM (Year 1) | B7: ='Market Analysis'!B38 -> 0 | C7: $B | D7: High | E7: Serviceable Obtainable Market
A8: SOM (Year 3) | B8: ='Market Analysis'!B39 -> 0 | C8: $B | D8: Medium | E8: 3-Year Target
A9: SOM (Year 5) | B9: ='Market Analysis'!B40 -> 0 | C9: $B | D9: Low | E9: 5-Year Vision

Sheet Market Analysis
A1: TAM/SAM/SOM Market Analysis
A2: Analysis Date: July 03, 2025
A4: MARKET DEFINITION
A5: Market Category:
A6: Product/Service:
A7: Target Geography:
A8: Time Period:
A10: TOTAL ADDRESSABLE MARKET (TAM)
A11: Metric | B11: Value | C11: Unit | D11: Source | E11: Notes | F11: Confidence
A12: Total Market Size | C12: $B | E12: Global market size | F12: High
A13: Market Growth Rate | C13: % | E13: Annual growth rate | F13: Medium
A14: Number of Potential Users | C14: Million | E14: Total addressable users | F14: Medium
A15: Average Revenue per User | C15: $ | E15: ARPU calculation | F15: Medium
A16: Market Penetration Rate | C16: % | E16: Current penetration | F16: Low
A18: TAM Calculation: | B18: =B12*B14 -> 0 | C18: $B
A20: SERVICEABLE ADDRESSABLE MARKET (SAM)
A21: Metric | B21: Value | C21: Unit | D21: Source | E21: Notes | F21: Confidence
A22: Geographic Constraints | C22: % | E22: Geographic limitations | F22: High
A23: Regulatory Constraints | C23: % | E23: Regulatory barriers | F23: Medium
A24: Technology Constraints | C24: % | E24: Technology limitations | F24: Medium
A25: Customer Segment Focus | C25: % | E25: Target customer segments | F25: High
A26: Distribution Channel Access | C26: % | E26: Channel availability | F26: Medium
A28: SAM Calculation: | B28: =B18*B22*B23*B24*B25*B26/100^5 -> 0 | C28: $B
A30: SERVICEABLE OBTAINABLE MARKET (SOM)
A31: Metric | B31: Value | C31: Unit | D31: Source | E31: Notes | F31: Confidence
A32: Market Share Goal (Year 1) | C32: % | E32: Realistic market share | F32: High
A33: Market Share Goal (Year 3) | C33: % | E33: 3-year target | F33: Medium
A34: Market Share Goal (Year 5) | C34: % | E34: 5-year target | F34: Low
A35: Competitive Advantage | C35: Score 1-10 | E35: Competitive strength | F35: Medium
A36: Resource Constraints | C36: % | E36: Resource limitations | F36: High
A38: SOM Year 1: | B38: =B28*B32/100 -> 0 | C38: $B
A39: SOM Year 3: | B39: =B28*B33/100 -> 0 | C39: $B
A40: SOM Year 5: | B40: =B28*B34/100 -> 0 | C40: $B
A42: MARKET VALIDATION & ASSESSMENT
A44: Data Quality Assessment
A45: High Confidence Data Sources:
A46: Medium Confidence Data Sources:
A47: Low Confidence Data Sources:
A48: Overall Data Quality Rating: | B48: High/Medium/Low
A50: Key Assumptions Made
A51: Assumption 1:
A52: Assumption 2:
A53: Assumption 3:
A54: Assumption 4:
A55: Assumption 5:
A57: Additional Validation Required
A58: Validation Need 1:
A59: Validation Need 2:
A60: Validation Need 3:
A63: Market Attractiveness Assessment
A64: ☐ Highly Attractive (SOM > $10M)
... A73: Key Risks and Mitigation Strategies:
